#	nom
301	Latobe
302	Man of War
303	Arabella
304	MAKARA of Southampton
306	Akoya
307	Poco Loco
309	Blue Passion
311	Rob Roy III
312	Hibernian
313	EXIT One
314	Chula
315	Cesarina
316	Sandy Cay
317	Helios
318	High Cotton
319	Escapade of London
320	Free Spirit
321	Piment Rouge
322	Brainwave
323	Ara
324	a24e
325	Khamsin
326	Favorita of Hamble
327	Moana
328	Playing Around Too
329	Adelante
330	Just4Fun
331	Albicilla
332	Aqualina
333	Cajuna
334	Morgane of Sark
335	Mystique
337	Bigbird
338	Daisy
339	Papaki
340	Jumpin'Jack Flash
341	Arya
342	Northstar
343	Navillus
344	Going Deep
346	Mahoa
347	Lir
348	Katharsis
349	Walkabout
350	Our Time
351	Luna
352	LadyBlue
353	Dulcinea
354	Pippin
355	Maiko
357	Hyperion of Turku
358	Charlotte Sometimes
359	Sundance II
360	Nova
362	Tortuga
363	CoKeMa
364	Orion
365	Imagine
366	Chiara
367	Kaia
368	Flow
369	Sala
370	DOUBLETON
371	Nanook
372	Big Bubble
373	Minerva
374	Coco
375	Scat Cat
376	Stella
377	Zelda
378	Restless of Stornoway
379	Night&Day